date,open,high,close,low,volume,price_change,p_change,ma5,ma10,ma20,v_ma5,v_ma10,v_ma20
2019-04-30,34.57,34.9,34.45,33.85,953712.0,-0.88,-2.49,35.074,35.273,35.224,599054.96,543607.57,611643.54
2019-04-29,34.57,35.73,35.33,34.42,550331.75,0.97,2.82,35.23,35.428,35.206,507450.98,532317.89,616277.75
2019-04-26,35.16,35.2,34.36,34.34,517344.44,-1.07,-3.02,35.124,35.377,35.135,540550.57,569776.81,646968.77
2019-04-25,35.35,35.86,35.43,35.28,433788.28,-0.37,-1.03,35.452,35.421,35.043,519431.4,554378.17,640472.68
2019-04-24,35.53,35.9,35.8,34.82,540098.31,0.57,1.62,35.466,35.374,34.892,497221.89,568250.94,648490.99
2019-04-23,34.7,35.59,35.23,34.67,495692.12,0.43,1.24,35.472,35.301,34.676,488160.19,581695.23,641654.17
2019-04-22,35.8,36.15,34.8,34.4,715829.69,-1.2,-3.33,35.626,35.301,34.473,557184.8,583249.64,648830.09
2019-04-19,35.6,36.45,36.0,35.58,411748.62,0.5,1.41,35.63,35.414,34.351,599003.05,592732.88,634552.03
2019-04-18,35.8,35.8,35.5,35.13,322740.69,-0.33,-0.92,35.39,35.373,34.15,589324.93,633843.24,633275.78
2019-04-17,35.89,36.48,35.83,35.63,494789.81,-0.17,-0.47,35.282,35.309,33.988,639280.0,659729.81,640407.71
2019-04-16,34.7,36.1,36.0,34.6,840815.19,1.18,3.39,35.13,35.175,33.798,675230.28,679679.5,640005.74
2019-04-15,35.42,36.22,34.82,34.82,924920.94,0.02,0.06,34.976,34.983,33.616,609314.49,700237.6,627621.53
2019-04-12,34.86,35.0,34.8,34.6,363358.0,-0.16,-0.46,35.198,34.893,33.459,586462.7,724160.73,611172.61
2019-04-11,35.19,35.65,34.96,34.72,572516.06,-0.11,-0.31,35.356,34.665,33.291,678361.55,726567.19,627251.83
2019-04-10,35.05,35.43,35.07,34.52,674541.19,-0.16,-0.45,35.336,34.409,33.095,680179.63,728731.03,631956.6
2019-04-09,35.9,35.91,35.23,35.06,511236.25,-0.7,-1.95,35.22,34.051,32.875,684128.73,701613.1,640164.41
2019-04-08,35.7,36.27,35.93,35.65,810662.0,0.34,0.95,34.99,33.645,32.64,791160.71,714410.54,648368.09
2019-04-04,34.9,36.05,35.59,34.9,822852.25,0.73,2.09,34.588,33.287,32.382,861858.76,676371.18,646338.29
2019-04-03,34.4,34.95,34.86,34.31,581606.44,0.37,1.07,33.974,32.926,32.168,774772.83,632708.33,640582.04
2019-04-02,34.1,34.59,34.49,34.09,694286.69,0.41,1.2,33.482,32.667,32.036,777282.44,621085.6,638838.53
2019-04-01,34.2,35.05,34.08,33.9,1046396.19,0.16,0.47,32.882,32.421,31.929,719097.48,600331.98,637814.38
2019-03-29,32.52,34.32,33.92,32.41,1164152.25,1.4,4.3,32.3,32.249,31.859,637660.36,555005.45,633317.63
2019-03-28,32.17,32.65,32.52,31.95,387422.56,0.12,0.37,31.986,32.024,31.808,490883.6,498184.5,609243.55
2019-03-27,31.69,32.54,32.4,31.45,594154.5,0.91,2.89,31.878,31.917,31.769,490643.83,527936.48,614254.6
2019-03-26,31.59,31.65,31.49,31.21,403361.91,0.32,1.03,31.852,31.781,31.735,464888.76,535182.17,624963.99
2019-03-25,32.0,32.1,31.17,31.1,639210.56,-1.18,-3.65,31.96,31.698,31.735,481566.47,578715.71,652224.04
2019-03-22,32.08,32.38,32.35,31.71,430268.47,0.37,1.16,32.198,31.634,31.802,472350.55,582325.65,675355.85
2019-03-21,32.13,32.4,31.98,31.92,386223.72,-0.29,-0.9,32.062,31.477,31.716,505485.39,616305.4,674586.18
2019-03-20,31.88,32.47,32.27,31.7,465379.12,0.24,0.75,31.956,31.409,31.621,565229.13,648455.75,677931.98
2019-03-19,32.4,32.62,32.03,31.93,486750.5,-0.33,-1.02,31.71,31.404,31.515,605475.59,656591.47,671380.04
2019-03-18,31.79,32.56,32.36,31.59,593130.94,0.69,2.18,31.436,31.436,31.408,675864.94,675296.79,671726.34
2019-03-15,31.42,31.95,31.67,31.2,595942.69,0.22,0.7,31.07,31.469,31.283,692300.74,711629.81,664402.08
2019-03-14,30.98,31.9,31.45,30.9,684942.38,0.41,1.32,30.892,31.592,31.157,727125.4,720302.61,659388.28
2019-03-13,30.79,31.32,31.04,30.25,666611.44,0.38,1.24,30.862,31.621,31.078,731682.38,700572.72,647760.49
2019-03-12,30.91,31.33,30.66,30.45,838697.25,0.13,0.43,31.098,31.688,31.018,707707.35,714745.82,641218.71
2019-03-11,30.57,30.83,30.53,30.18,675309.94,-0.25,-0.81,31.436,31.771,30.951,674728.64,725732.38,619075.2
2019-03-08,30.74,31.21,30.78,30.36,770066.0,-0.52,-1.66,31.868,31.97,30.894,730958.87,768386.06,602991.51
2019-03-07,32.01,32.1,31.3,30.97,707727.25,-0.92,-2.85,32.292,31.955,30.82,713479.81,732866.97,584314.29
2019-03-06,32.31,32.61,32.22,31.78,546736.31,-0.13,-0.4,32.38,31.833,30.715,669463.06,707408.22,577498.94
2019-03-05,32.86,32.86,32.35,32.1,673803.69,-0.34,-1.04,32.278,31.626,30.525,721784.28,686168.61,563506.73
2019-03-04,33.0,33.79,32.69,32.5,956461.12,-0.21,-0.64,32.106,31.379,30.34,776736.12,668155.89,547147.97
2019-03-01,32.05,32.93,32.9,31.65,682670.69,1.16,3.65,32.072,31.097,30.138,805813.25,617174.36,528193.21
2019-02-28,31.7,32.1,31.74,31.45,487643.47,0.03,0.1,31.618,30.722,29.919,752254.12,598473.95,520883.76
2019-02-27,31.7,32.32,31.71,31.4,808342.44,0.22,0.7,31.286,30.534,29.726,745353.38,594948.26,523672.06
2019-02-26,32.29,33.0,31.49,31.32,948562.88,-1.03,-3.17,30.974,30.347,29.498,650552.94,567691.6,496917.46
2019-02-25,31.0,32.9,32.52,30.97,1101846.75,1.89,6.17,30.652,30.13,29.273,559575.66,512418.03,466942.94
2019-02-22,30.07,30.64,30.63,29.8,414875.06,0.55,1.83,30.122,29.817,29.013,428535.47,437596.95,432630.01
2019-02-21,30.18,30.64,30.08,29.84,453139.75,-0.07,-0.23,29.826,29.684,28.837,444693.78,435761.61,439206.15
2019-02-20,30.27,30.44,30.15,29.98,334340.28,0.27,0.9,29.782,29.597,28.656,444543.14,447589.67,432733.27
2019-02-19,29.86,30.63,29.88,29.72,493676.44,0.01,0.03,29.72,29.424,28.491,484830.26,440844.84,427514.01
2019-02-18,29.35,29.99,29.87,29.35,446645.84,0.72,2.47,29.608,29.3,28.337,465260.4,426140.06,421166.14
2019-02-15,29.74,29.85,29.15,28.91,495666.59,-0.71,-2.38,29.512,29.179,28.159,446658.43,439212.06,413546.08
2019-02-14,29.65,30.1,29.86,29.49,452386.56,0.02,0.07,29.542,29.116,28.025,426829.43,443293.57,413458.26
2019-02-13,29.32,30.04,29.84,29.12,535775.88,0.52,1.77,29.412,28.917,27.824,450636.19,452395.87,412154.28
2019-02-12,29.39,29.58,29.32,28.98,395827.12,-0.07,-0.24,29.128,28.649,27.617,396859.42,426143.33,417275.51
2019-02-11,29.1,29.53,29.39,28.9,353636.0,0.09,0.31,28.992,28.415,27.412,387019.72,421467.85,410948.17
2019-02-01,29.21,29.43,29.3,28.88,396521.59,0.09,0.31,28.846,28.209,27.219,431765.69,427663.06,416068.39
2019-01-31,28.45,29.29,29.21,28.45,571420.38,0.79,2.78,28.69,27.989,27.029,459757.71,442650.69,429668.87
2019-01-30,28.6,28.79,28.42,28.32,266892.03,-0.22,-0.77,28.422,27.715,26.813,454155.54,417876.87,419803.24
2019-01-29,28.56,28.83,28.64,28.47,346628.59,-0.02,-0.07,28.17,27.558,26.62,455427.23,414183.19,434216.94
2019-01-28,28.52,29.14,28.66,28.5,577365.88,0.14,0.49,27.838,27.374,26.448,455915.99,416192.22,447554.62
2019-01-25,27.87,28.63,28.52,27.85,536481.69,0.65,2.33,27.572,27.139,26.258,423560.43,387880.09,450695.38
2019-01-24,27.18,28.04,27.87,27.18,543409.5,0.71,2.61,27.288,26.933,26.074,425543.67,383622.96,446210.64
2019-01-23,26.95,27.42,27.16,26.92,273250.47,0.18,0.67,27.008,26.731,25.945,381598.19,371912.7,456536.31
2019-01-22,27.3,27.45,26.98,26.76,349072.41,-0.35,-1.28,26.946,26.585,25.86,372939.15,408407.7,475359.69
2019-01-21,27.08,27.7,27.33,27.03,415588.09,0.23,0.85,26.91,26.409,25.78,376468.45,400428.49,501693.56
2019-01-18,26.47,27.26,27.1,26.46,546397.88,0.63,2.38,26.706,26.228,25.709,352199.75,404473.71,531701.91
2019-01-17,26.85,26.85,26.47,26.43,323682.12,-0.38,-1.42,26.578,26.069,25.693,341702.24,416687.06,545864.75
2019-01-16,26.7,26.88,26.85,26.61,229955.23,0.05,0.19,26.454,25.91,25.765,362227.2,421729.6,550411.14
2019-01-15,26.31,26.83,26.8,26.3,366718.91,0.49,1.86,26.224,25.682,25.837,443876.25,454250.69,554478.57
2019-01-14,26.46,26.56,26.31,26.22,294244.62,-0.15,-0.57,25.908,25.522,25.913,424388.53,478917.03,556050.4
2019-01-11,25.85,26.58,26.46,25.75,493910.34,0.61,2.36,25.75,25.376,26.035,456747.66,513510.66,568914.18
2019-01-10,25.5,26.08,25.85,25.47,426306.88,0.15,0.58,25.56,25.215,26.135,491671.87,508798.33,554323.36
2019-01-09,25.22,26.1,25.7,25.22,638200.5,0.48,1.9,25.366,25.159,26.268,481232.01,541159.93,544372.52
2019-01-08,25.5,25.52,25.22,25.16,269280.31,-0.3,-1.18,25.14,25.134,26.4,464625.14,542311.68,525811.82
2019-01-07,25.51,25.77,25.52,25.29,456040.28,0.01,0.04,25.136,25.151,26.568,533445.52,602958.64,527609.24
2019-01-04,24.76,25.65,25.51,24.65,668531.38,0.63,2.53,25.002,25.19,26.737,570273.66,658930.11,523476.24
2019-01-03,24.4,25.05,24.88,24.38,374107.59,0.31,1.26,24.87,25.316,26.93,525924.79,675042.45,503165.04
2019-01-02,25.15,25.2,24.57,24.4,555166.12,-0.63,-2.5,24.952,25.619,27.165,601087.86,679092.69,500643.94
2018-12-28,24.95,25.36,25.2,24.91,613382.25,0.35,1.41,25.128,25.991,27.409,619998.22,654706.45,507398.41
2018-12-27,25.19,25.22,24.85,24.82,640180.94,0.0,0.0,25.166,26.304,27.577,672471.75,633183.76,489448.34
2018-12-26,25.2,25.23,24.85,24.85,446787.03,-0.44,-1.74,25.378,26.694,27.749,747586.57,624317.7,477336.79
2018-12-25,25.0,25.56,25.29,24.77,749922.94,-0.16,-0.63,25.762,27.055,27.921,824160.11,599848.39,469541.13
2018-12-24,25.2,25.46,25.45,24.92,649717.94,0.06,0.24,26.286,27.377,28.056,757097.51,547585.11,448927.91
2018-12-21,25.87,25.87,25.39,25.25,875749.88,-0.52,-2.01,26.854,27.666,28.197,689414.68,509311.96,430215.49
2018-12-20,26.48,26.6,25.91,25.65,1015755.06,-0.86,-3.21,27.442,27.985,28.321,593895.78,452259.84,402697.46
2018-12-19,27.92,27.99,26.77,26.58,829654.75,-1.14,-4.08,28.01,28.284,28.441,501048.83,388022.36,365702.64
2018-12-18,28.05,28.26,27.91,27.85,414609.94,-0.38,-1.34,28.348,28.544,28.522,375536.67,331287.62,340388.79
2018-12-17,28.33,28.5,28.29,28.1,311303.75,-0.04,-0.14,28.468,28.71,28.548,338072.71,322195.19,336572.19
2018-12-14,28.57,28.61,28.33,28.2,398155.41,-0.42,-1.46,28.478,28.827,28.581,329209.24,360090.37,346151.09
2018-12-13,28.53,29.07,28.75,28.41,551520.31,0.29,1.02,28.528,28.849,28.588,310623.9,345712.91,351091.08
2018-12-12,29.0,29.0,28.46,28.41,202093.94,-0.05,-0.17,28.558,28.804,28.57,274995.88,330355.87,341221.29
2018-12-11,28.35,28.55,28.51,28.28,227290.12,0.17,0.6,28.74,28.786,28.555,287038.57,339233.86,357910.33
2018-12-10,28.3,28.5,28.34,28.22,266986.41,-0.24,-0.84,28.952,28.734,28.558,306317.66,350270.71,371563.64
2018-12-07,29.09,29.19,28.58,28.53,305228.72,-0.32,-1.11,29.176,28.727,28.569,390971.49,351119.02,392413.2
2018-12-06,28.9,29.15,28.9,28.78,373380.22,-0.47,-1.6,29.17,28.657,28.57,380801.91,353135.09,436802.82
2018-12-05,29.16,29.57,29.37,29.0,262307.38,-0.2,-0.68,29.05,28.597,28.626,385715.86,343382.91,442091.3
2018-12-04,29.42,29.63,29.57,29.31,323685.59,0.11,0.37,28.832,28.5,28.636,391429.16,349489.96,456469.31
2018-12-03,29.49,29.63,29.46,28.93,690255.56,0.91,3.19,28.516,28.385,28.651,394223.75,350949.19,459038.31
2018-11-30,28.26,28.58,28.55,28.21,254380.81,0.25,0.88,28.278,28.334,28.678,311266.54,332211.81,445942.28
2018-11-29,28.5,28.6,28.3,28.3,397949.94,0.02,0.07,28.144,28.327,28.767,325468.26,356469.26,494225.79
2018-11-28,28.07,28.35,28.28,28.05,290873.88,0.29,1.04,28.144,28.335,28.804,301049.97,352086.7,508458.3
2018-11-27,28.22,28.38,27.99,27.85,337658.56,-0.28,-0.99,28.168,28.323,28.836,307550.77,376586.79,527215.26
2018-11-26,28.0,28.35,28.27,27.91,275469.53,0.39,1.4,28.254,28.382,28.854,307674.63,392856.58,547511.13
2018-11-23,28.29,28.35,27.88,27.88,325389.38,-0.42,-1.48,28.39,28.411,28.833,353157.08,433707.37,581481.52
2018-11-22,28.41,28.45,28.3,28.1,275858.5,-0.1,-0.35,28.51,28.483,28.919,387470.26,520470.56,590000.2
2018-11-21,28.2,28.43,28.4,28.1,323377.88,-0.02,-0.07,28.526,28.654,28.987,403123.43,540799.69,604128.22
2018-11-20,28.79,28.84,28.42,28.31,338277.88,-0.53,-1.83,28.478,28.771,29.036,445622.82,563448.67,619750.54
2018-11-19,28.7,29.04,28.95,28.45,502881.78,0.47,1.65,28.51,28.916,29.066,478038.53,567127.43,632542.36
2018-11-16,28.38,28.68,28.48,28.19,496955.28,0.1,0.35,28.432,29.021,29.119,514257.66,559672.74,649438.11
2018-11-15,28.24,28.47,28.38,28.08,354124.34,0.22,0.78,28.456,29.206,29.155,653470.86,631982.31,662941.96
2018-11-14,28.58,28.65,28.16,28.0,535874.81,-0.42,-1.47,28.782,29.273,29.131,678475.94,664829.9,673956.68
2018-11-13,28.1,28.77,28.58,28.05,500356.44,0.02,0.07,29.064,29.348,29.173,681274.51,677843.73,680601.15
2018-11-12,28.4,28.7,28.56,28.23,683977.44,-0.04,-0.14,29.322,29.325,29.199,656216.33,702165.67,684467.92
2018-11-09,29.6,29.6,28.6,28.49,1193021.25,-1.41,-4.7,29.61,29.254,29.208,605087.82,729255.67,667768.99
2018-11-08,30.02,30.37,30.01,29.8,479149.75,0.44,1.49,29.956,29.354,29.236,610493.77,659529.84,641183.28
2018-11-07,29.88,30.2,29.57,29.53,549867.69,-0.3,-1.0,29.764,29.319,29.158,651183.87,667456.75,647999.64
2018-11-06,30.0,30.11,29.87,29.36,375065.53,-0.13,-0.43,29.632,29.301,29.16,674412.94,676052.4,640006.44
2018-11-05,29.85,30.23,30.0,29.71,428334.88,-0.33,-1.09,29.328,29.216,29.136,748115.01,697957.29,642327.83
2018-11-02,29.9,30.45,30.33,29.41,1220051.0,1.28,4.41,28.898,29.216,29.108,853423.53,739203.48,652077.78
2018-11-01,29.45,29.65,29.05,28.66,682600.25,0.14,0.48,28.752,29.104,29.126,708565.91,693901.61,618875.63
2018-10-31,28.8,28.98,28.91,28.39,666013.06,0.56,1.98,28.874,28.989,29.195,683729.63,683083.46,604874.22
2018-10-30,28.12,28.86,28.35,27.58,743575.88,0.5,1.79,28.97,28.998,29.272,677691.86,683358.56,609039.47
2018-10-29,29.8,29.8,27.85,27.42,954877.44,-1.75,-5.91,29.104,29.073,29.335,647799.56,666770.17,598229.77
2018-10-26,29.64,29.92,29.6,28.98,495762.94,-0.06,-0.2,29.534,29.162,29.458,624983.44,606282.31,589404.54
2018-10-25,28.77,29.72,29.66,28.74,558418.81,0.27,0.92,29.456,29.118,29.403,679237.31,622836.72,578945.53
2018-10-24,29.11,30.32,29.39,29.09,635824.25,0.37,1.27,29.104,28.997,29.34,682437.3,628542.53,572661.33
2018-10-23,30.16,30.16,29.02,28.75,594114.38,-0.98,-3.27,29.026,29.018,29.28,689025.26,603960.48,560838.73
2018-10-22,29.53,30.54,30.0,29.53,840796.81,0.79,2.71,29.042,29.056,29.201,685740.77,586698.37,539243.13
2018-10-19,27.75,29.38,29.21,27.5,767032.31,1.31,4.7,28.79,28.999,29.095,587581.18,564952.07,505976.29
2018-10-18,28.78,28.85,27.9,27.88,574418.75,-1.1,-3.79,28.78,29.147,29.023,566436.12,543849.66,482962.91
2018-10-17,29.4,29.5,29.0,28.18,668764.06,-0.1,-0.34,28.89,29.4,28.998,574647.76,526664.97,465735.78
2018-10-16,28.82,29.8,29.1,28.74,577691.94,0.36,1.25,29.01,29.545,28.918,518895.7,534720.37,449032.24
2018-10-15,29.16,29.18,28.74,28.55,349998.84,-0.42,-1.44,29.07,29.597,28.858,487655.97,529689.36,433336.88
2018-10-12,28.7,29.37,29.16,28.46,661307.0,0.71,2.5,29.208,29.753,28.829,542322.97,572526.77,435696.73
2018-10-11,28.66,29.07,28.45,28.11,615476.94,-1.15,-3.88,29.514,29.688,28.746,521263.19,535054.34,414927.35
2018-10-10,29.35,29.89,29.6,29.15,390003.78,0.2,0.68,29.91,29.683,28.708,478682.19,516780.14,402123.66
2018-10-09,29.33,29.69,29.4,29.0,421493.31,-0.03,-0.1,30.08,29.541,28.66,550545.04,517716.99,399034.65
2018-10-08,29.7,30.09,29.43,29.36,623333.81,-1.26,-4.11,30.124,29.346,28.597,571722.75,491787.88,390995.03
2018-09-28,30.67,31.11,30.69,30.3,556008.12,0.26,0.85,30.298,29.191,28.54,602730.58,447000.5,382872.41
2018-09-27,30.26,30.69,30.43,30.01,402571.94,-0.02,-0.07,29.862,28.898,28.413,548845.5,422076.17,368700.68
2018-09-26,29.75,30.99,30.45,29.41,749318.0,0.83,2.8,29.456,28.595,28.329,554878.08,404806.58,361620.55
2018-09-25,29.83,30.09,29.62,29.32,527381.88,-0.68,-2.24,29.002,28.29,28.238,484888.94,363344.12,342576.83
2018-09-21,28.7,30.3,30.3,28.45,778372.94,1.79,6.28,28.568,28.118,28.184,411853.0,336984.4,341748.11
2018-09-20,28.58,28.85,28.51,28.37,286582.72,0.11,0.39,28.084,27.905,28.054,291270.42,298866.69,326842.95
2018-09-19,28.16,28.65,28.4,27.96,432734.88,0.22,0.78,27.934,27.804,27.993,295306.84,294800.35,328579.81
2018-09-18,27.45,28.25,28.18,27.38,399372.28,0.73,2.66,27.734,27.733,27.925,254735.08,287467.18,317077.13
2018-09-17,27.73,27.8,27.45,27.37,162202.19,-0.43,-1.54,27.578,27.779,27.871,241799.29,280352.3,315603.83
2018-09-14,27.99,27.99,27.88,27.68,175460.05,0.12,0.43,27.668,27.848,27.847,262115.8,290202.19,325971.25
2018-09-13,27.94,28.02,27.76,27.29,306764.78,0.36,1.31,27.726,27.889,27.779,306462.96,318744.33,330166.41
2018-09-12,27.22,27.6,27.4,27.01,229876.12,0.0,0.0,27.674,27.927,27.731,294293.87,315325.19,334013.3
2018-09-11,27.95,28.1,27.4,27.14,334693.31,-0.5,-1.79,27.732,28.063,27.696,320199.27,318434.51,341741.14
2018-09-10,27.96,28.3,27.9,27.78,263784.72,-0.27,-0.96,27.98,28.185,27.701,318905.32,321809.54,338302.35
2018-09-07,27.65,28.2,28.17,27.6,397195.88,0.67,2.44,28.028,28.249,27.69,318288.58,346511.82,348493.12
2018-09-06,27.7,27.85,27.5,27.43,245919.31,-0.19,-0.69,28.052,28.202,27.704,331025.7,354819.21,342205.61
2018-09-05,28.35,28.48,27.69,27.68,359403.12,-0.95,-3.32,28.18,28.182,27.769,336356.5,362359.27,350105.7
2018-09-04,28.18,28.75,28.64,27.93,328223.56,0.5,1.78,28.394,28.117,27.79,316669.76,346687.09,346257.62
2018-09-03,28.32,28.44,28.14,27.96,260701.02,-0.15,-0.53,28.39,27.963,27.783,324713.76,350855.37,355544.44
2018-08-31,28.01,28.75,28.29,27.98,460881.47,0.15,0.53,28.47,27.845,27.754,374735.07,361740.32,361807.59
2018-08-30,28.73,28.87,28.14,28.08,272573.34,-0.62,-2.16,28.352,27.669,27.701,378612.72,341588.5,353669.34
2018-08-29,28.63,29.0,28.76,28.45,260969.41,0.14,0.49,28.184,27.534,27.65,388362.03,352701.41,368636.87
2018-08-28,28.57,29.01,28.62,28.54,368443.56,0.08,0.28,27.84,27.328,27.605,376704.43,365047.78,382431.7
2018-08-27,28.05,28.61,28.54,27.85,510807.56,0.84,3.03,27.536,27.216,27.593,376996.97,354795.15,381423.41
2018-08-24,27.15,28.3,27.7,26.96,480269.75,0.4,1.47,27.22,27.131,27.599,348745.57,350474.42,375052.6
2018-08-23,27.14,27.45,27.3,26.82,321319.88,0.26,0.96,26.986,27.205,27.618,304564.27,329592.01,366460.61
2018-08-22,27.19,27.2,27.04,26.82,202681.38,-0.06,-0.22,26.884,27.355,27.659,317040.79,337852.14,373327.48
2018-08-21,27.04,27.42,27.1,26.89,369906.28,0.14,0.52,26.816,27.463,27.717,353391.12,345828.14,384704.25
2018-08-20,26.99,27.11,26.96,26.42,369550.56,0.44,1.66,26.896,27.602,27.75,332593.34,360233.52,400935.89
2018-08-17,27.1,27.2,26.53,26.44,259363.25,-0.21,-0.79,27.042,27.663,27.795,352203.26,361874.87,428663.8
2018-08-16,26.29,27.14,26.79,26.2,383702.47,0.09,0.34,27.424,27.732,27.839,354619.74,365750.19,466240.25
2018-08-15,27.51,27.53,26.7,26.57,384433.06,-0.81,-2.94,27.826,27.766,27.78,358663.49,384572.33,466819.46
2018-08-14,27.66,27.79,27.5,27.24,265917.34,-0.21,-0.76,28.11,27.881,27.709,338265.16,399815.63,464215.57
2018-08-13,28.12,28.12,27.69,27.25,467600.19,-0.75,-2.64,28.308,27.97,27.603,387873.7,408051.67,465388.16
2018-08-10,28.81,28.85,28.44,28.13,271445.66,-0.33,-1.15,28.284,28.066,27.503,371546.47,399630.78,459974.24
2018-08-09,27.94,28.96,28.8,27.9,403921.19,0.69,2.46,28.04,28.031,27.392,376880.63,403329.22,458755.01
2018-08-08,28.6,28.6,28.12,28.01,282441.44,-0.36,-1.26,27.706,27.963,27.255,410481.16,408802.82,462030.28
2018-08-07,27.59,28.5,28.49,27.49,513960.0,0.9,3.26,27.652,27.971,27.178,461366.1,423580.36,463743.84
2018-08-06,27.38,28.09,27.57,27.2,385964.06,0.33,1.21,27.632,27.897,27.094,428229.65,441638.26,454387.93
2018-08-03,27.33,27.74,27.22,27.18,298116.44,0.04,0.15,27.848,27.927,27.063,427715.09,495452.73,461442.64
2018-08-02,27.8,28.1,27.13,27.0,571923.88,-0.74,-2.65,28.022,27.945,26.994,429777.81,566730.32,468599.76
2018-08-01,28.69,29.09,27.85,27.85,536866.12,-0.54,-1.9,28.22,27.793,26.909,407124.48,549066.6,464799.82
2018-07-31,28.6,28.73,28.39,27.95,348277.75,-0.22,-0.77,28.29,27.537,26.771,385794.62,528615.51,456438.99
2018-07-30,28.09,28.85,28.65,27.9,383391.28,0.56,1.99,28.162,27.236,26.612,455046.86,522724.64,471954.3
2018-07-27,28.12,28.48,28.09,27.61,308430.0,-0.03,-0.11,28.006,26.939,26.451,563190.37,520317.7,474544.1
2018-07-26,28.36,28.95,28.12,27.88,458657.25,-0.1,-0.35,27.868,26.753,26.368,703682.83,514180.81,474578.13
2018-07-25,28.2,28.45,28.2,27.85,430216.84,0.45,1.62,27.366,26.546,26.255,691008.72,515257.74,473630.27
2018-07-24,27.86,28.6,27.75,27.57,694538.94,-0.11,-0.4,26.784,26.385,26.161,671436.4,503907.31,474253.9
2018-07-23,27.39,28.15,27.87,26.98,924108.81,0.49,1.79,26.31,26.291,26.118,590402.41,467137.61,470688.36
2018-07-20,25.62,27.45,27.4,25.4,1010892.31,1.78,6.95,25.872,26.198,26.108,477445.04,427432.54,448590.93
2018-07-19,25.58,25.89,25.61,25.5,395286.69,0.32,1.26,25.638,26.042,26.169,324678.79,370469.2,409146.19
2018-07-18,25.57,25.94,25.29,25.21,332355.25,-0.08,-0.32,25.726,26.025,26.322,339506.76,380533.05,405192.69
2018-07-17,25.5,25.67,25.38,25.1,289369.0,-0.29,-1.13,25.986,26.005,26.483,336378.22,384262.47,406801.24
2018-07-16,26.17,26.58,25.68,25.58,359321.94,-0.55,-2.1,26.272,25.988,26.661,343872.8,421183.97,452637.51
2018-07-13,26.28,26.3,26.23,25.97,247061.06,0.19,0.73,26.524,25.963,26.824,377420.05,428770.49,455648.88
2018-07-12,25.8,26.45,26.05,25.5,469426.53,0.29,1.13,26.446,25.983,26.94,416259.62,434975.45,460465.01
2018-07-11,26.08,26.79,26.59,26.0,316712.59,-0.21,-0.78,26.324,25.963,27.075,421559.34,432002.81,450370.3
2018-07-10,27.01,27.1,26.81,26.56,326841.88,-0.14,-0.52,26.024,25.937,27.183,432146.72,444600.49,450133.25
2018-07-09,26.0,27.02,26.94,26.0,527058.19,1.1,4.26,25.704,25.945,27.273,498495.14,474239.12,452707.73
2018-07-06,25.49,26.18,25.84,24.98,441258.91,0.4,1.57,25.402,26.017,27.337,480120.92,469749.32,447665.63
2018-07-05,25.17,25.52,25.44,24.94,495925.12,0.39,1.56,25.52,26.295,27.49,453691.28,447823.17,450324.22
2018-07-04,25.18,25.51,25.09,24.96,369649.5,-0.13,-0.52,25.602,26.619,27.658,442446.28,429852.33,442808.37
2018-07-03,25.44,25.47,25.21,24.7,658584.0,-0.23,-0.9,25.85,26.961,27.866,457054.26,429340.02,442970.01
2018-07-02,26.44,26.73,25.43,25.3,435187.09,-1.01,-3.82,26.186,27.333,28.067,449983.09,484091.05,431708.01
2018-06-29,25.98,26.59,26.43,25.97,309110.69,0.58,2.24,26.632,27.684,28.225,459377.71,482527.28,424611.65
2018-06-28,26.25,26.3,25.85,25.6,439700.12,-0.48,-1.82,27.07,27.897,28.346,441955.07,485954.56,435302.41
2018-06-27,26.68,26.88,26.33,26.1,442689.38,-0.57,-2.12,27.636,28.187,28.467,417258.37,468737.78,430296.85
2018-06-26,27.48,27.49,26.89,26.2,623228.19,-0.78,-2.82,28.072,28.428,28.598,401625.77,455666.0,432189.08
2018-06-25,28.68,28.71,27.66,27.65,482160.16,-0.96,-3.35,28.48,28.601,28.694,518199.01,431176.34,431281.28
2018-06-22,28.67,28.78,28.62,28.28,221997.48,-0.03,-0.1,28.736,28.656,28.773,505676.84,425581.95,419748.54
2018-06-21,28.52,29.06,28.68,28.5,316216.66,0.17,0.6,28.724,28.684,28.797,529954.06,452825.27,426409.91
2018-06-20,28.78,28.88,28.51,28.32,364526.38,-0.48,-1.66,28.738,28.696,28.842,520217.19,455764.42,425424.75
2018-06-19,28.64,29.24,28.93,28.45,1206094.38,-0.01,-0.04,28.784,28.771,28.908,509706.23,456600.01,425469.74
2018-06-15,28.47,29.08,28.94,28.42,419549.31,0.37,1.29,28.722,28.8,28.974,344153.67,379324.97,385925.85
2018-06-14,28.65,29.05,28.56,28.43,343383.56,-0.15,-0.52,28.576,28.765,29.051,345487.06,366696.03,384649.28
2018-06-13,28.75,28.97,28.75,28.6,267532.34,0.01,0.04,28.644,28.794,29.113,375696.49,384650.25,382003.45
2018-06-12,28.62,28.96,28.74,28.62,311971.56,0.11,0.38,28.654,28.747,29.174,391311.65,391855.91,385852.79
2018-06-11,28.2,28.65,28.62,27.94,378331.56,0.42,1.49,28.758,28.767,29.266,403493.79,408712.17,386747.99
2018-06-08,28.75,28.78,28.21,28.18,426216.28,-0.69,-2.39,28.878,28.786,29.376,414496.27,431386.23,403214.79
2018-06-07,28.9,29.27,28.9,28.76,494430.69,0.1,0.35,28.954,28.889,29.469,387904.99,413915.12,403671.22
2018-06-06,29.17,29.26,28.8,28.76,345608.16,-0.46,-1.57,28.944,28.909,29.516,393604.02,399994.55,395059.28
2018-06-05,29.17,29.35,29.26,28.9,372882.25,0.01,0.03,28.84,28.988,29.563,392400.16,395085.08,388910.16
2018-06-04,28.91,29.28,29.22,28.62,433343.97,0.62,2.17,28.776,29.044,29.585,413930.55,394339.48,395422.5
2018-06-01,28.78,28.98,28.59,28.5,293259.88,-0.19,-0.66,28.694,29.147,29.571,448276.19,392526.72,389129.98
2018-05-31,28.39,29.02,28.85,28.36,522925.84,0.55,1.94,28.824,29.336,29.578,439925.25,402602.53,391351.85
2018-05-30,28.5,28.63,28.28,28.28,339588.88,-0.66,-2.28,28.874,29.432,29.601,406385.08,379356.65,381292.62
2018-05-29,28.65,28.98,28.94,28.41,480534.16,0.14,0.49,29.136,29.601,29.665,397769.99,379849.67,388841.7
2018-05-28,29.23,29.32,28.81,28.41,605072.19,-0.4,-1.37,29.312,29.764,29.686,374748.41,364783.81,393568.95
2018-05-25,29.08,29.43,29.24,28.99,251505.2,0.14,0.48,29.6,29.965,29.686,336777.25,375043.34,380295.72
2018-05-24,29.6,29.68,29.1,29.0,355224.97,-0.51,-1.72,29.848,30.048,29.665,365279.8,393427.32,380304.23
2018-05-23,29.8,29.92,29.59,29.51,296513.44,-0.23,-0.77,29.99,30.122,29.654,352328.21,390124.01,396056.19
2018-05-22,30.14,30.24,29.82,29.63,365426.25,-0.45,-1.49,30.066,30.138,29.589,361929.35,382735.24,396306.61
2018-05-21,30.72,30.99,30.25,30.14,415216.41,-0.21,-0.69,30.216,30.125,29.509,354819.2,396505.52,397935.02
2018-05-18,29.77,30.57,30.48,29.57,394017.91,0.68,2.28,30.33,29.995,29.409,413309.43,385733.24,398390.63
2018-05-17,30.0,30.21,29.81,29.6,290467.06,-0.16,-0.53,30.248,29.82,29.291,421574.85,380101.17,411678.72
2018-05-16,30.38,30.41,29.97,29.88,344519.12,-0.59,-1.93,30.254,29.769,29.186,427919.81,383228.6,427692.85
2018-05-15,30.85,30.9,30.57,30.32,329875.5,-0.25,-0.81,30.21,29.729,29.093,403541.13,397833.72,456198.25
2018-05-14,30.5,31.21,30.82,30.3,707667.56,0.74,2.46,30.034,29.608,29.042,438191.84,422354.1,452709.91
2018-05-11,29.73,30.2,30.07,29.68,435345.0,0.23,0.77,29.66,29.407,28.998,358157.05,385548.09,434210.28
2018-05-10,30.0,30.19,29.84,29.4,322191.88,0.09,0.3,29.392,29.281,29.019,338627.48,367181.14,440464.68
2018-05-09,29.7,29.9,29.75,29.53,222625.72,0.07,0.24,29.284,29.185,29.042,338537.38,401988.36,453655.82
2018-05-08,29.0,29.89,29.69,28.88,503129.03,0.76,2.63,29.248,29.04,28.998,392126.31,409877.97,456395.74
2018-05-07,28.77,29.0,28.95,28.52,307493.62,0.21,0.73,29.182,28.893,28.951,406516.36,399364.53,450130.38
2018-05-04,29.28,29.29,28.73,28.61,337697.16,-0.57,-1.95,29.154,28.822,28.943,412939.14,411048.03,449868.39
2018-05-03,29.34,29.68,29.3,28.75,321741.38,-0.26,-0.88,29.17,28.761,28.958,395734.8,443256.28,456852.88
2018-05-02,29.98,30.1,29.57,29.37,490570.34,0.24,0.82,29.086,28.602,28.947,465439.34,472157.11,458603.48
2018-04-27,28.9,29.44,29.36,28.34,575079.31,0.56,1.94,28.832,28.457,28.936,427629.64,514562.78,468049.67
2018-04-26,29.1,29.32,28.81,28.55,339607.5,-0.01,-0.04,28.604,28.475,28.903,392212.69,483065.72,478694.64
2018-04-25,28.86,29.09,28.81,28.61,251675.45,-0.05,-0.17,28.49,28.588,28.898,409156.91,482872.46,501985.83
2018-04-24,28.3,29.5,28.88,28.3,670264.12,0.59,2.09,28.352,28.757,28.913,490777.76,513748.23,534691.07
2018-04-23,27.93,28.45,28.3,27.91,301521.81,0.09,0.32,28.118,28.899,28.986,478874.87,505323.28,544499.28
2018-04-20,28.05,28.25,28.22,27.8,397994.56,-0.02,-0.07,28.082,28.955,29.133,601495.91,502913.51,551736.95
2018-04-19,28.18,28.75,28.24,28.02,424328.62,0.1,0.35,28.346,29.008,29.286,573918.75,500896.23,561094.49
2018-04-18,28.28,28.35,28.12,27.36,659779.69,0.43,1.55,28.686,29.064,29.422,556588.02,488688.76,558997.79
2018-04-17,28.25,28.29,27.71,27.58,610749.69,-0.4,-1.42,29.162,29.154,29.551,536718.69,470449.49,542145.47
2018-04-16,29.2,29.21,28.12,27.95,914627.0,-1.42,-4.81,29.68,29.292,29.672,531771.68,445049.84,530009.2
2018-04-13,30.05,30.35,29.54,29.52,260108.73,-0.39,-1.3,29.828,29.414,29.793,404331.1,421536.56,496375.84
2018-04-12,30.5,30.5,29.94,29.79,337674.97,-0.55,-1.8,29.67,29.33,29.836,427873.71,474323.57,496529.21
2018-04-11,30.34,30.95,30.5,30.05,560433.06,0.21,0.69,29.442,29.208,29.878,420789.51,521099.2,498332.8
2018-04-10,28.84,30.32,30.3,28.61,586014.62,1.46,5.06,29.146,29.069,29.896,404180.29,555633.92,499397.99
2018-04-09,28.86,29.17,28.86,28.64,277424.12,0.1,0.35,28.904,29.072,29.94,358328.01,583675.28,487852.29
2018-04-04,28.88,29.27,28.75,28.62,377821.78,-0.06,-0.21,29.0,29.31,30.042,438742.03,600560.39,494231.44
2018-04-03,28.86,28.97,28.8,28.55,302253.97,-0.21,-0.72,28.99,29.563,30.143,520773.42,621292.76,517457.07
2018-04-02,29.0,29.61,29.02,28.9,477386.97,-0.07,-0.24,28.974,29.78,30.208,621408.89,629306.82,533286.2
2018-03-30,29.37,29.5,29.09,28.98,356753.22,-0.22,-0.75,28.992,29.947,30.265,707087.56,613841.46,526226.91
2018-03-29,28.73,29.79,29.34,28.2,679494.19,0.64,2.23,29.24,30.052,30.312,809022.55,614968.56,525327.25
2018-03-28,28.4,29.44,28.7,28.25,787978.75,-0.02,-0.07,29.62,30.172,30.366,762378.76,571215.12,511491.02
2018-03-27,29.55,29.69,28.72,28.5,805431.31,-0.39,-1.34,30.136,30.342,30.446,721812.1,518734.85,498720.94
2018-03-26,30.26,30.26,29.11,28.75,905780.31,-1.2,-3.96,30.586,30.548,30.552,637204.76,475566.4,494216.28
2018-03-23,30.3,30.4,30.33,29.85,866428.19,-0.9,-2.88,30.902,30.722,30.672,520595.36,443162.07,484858.17
2018-03-22,31.28,31.53,31.24,30.56,446275.25,-0.02,-0.06,30.864,30.807,30.745,420914.57,392029.29,467287.14
2018-03-21,31.28,31.8,31.28,31.12,585145.44,0.29,0.94,30.724,30.774,30.758,380051.48,387902.49,478857.43
2018-03-20,30.55,31.1,30.97,30.51,382394.59,0.26,0.85,30.548,30.722,30.763,315657.59,413621.39,466347.31
2018-03-19,30.01,30.74,30.69,29.9,322733.31,0.56,1.86,30.51,30.635,30.759,313928.05,437265.58,487190.96
2018-03-16,30.57,30.68,30.14,30.1,368024.28,-0.38,-1.25,30.542,30.582,30.727,365728.77,438612.37,514902.61
2018-03-15,30.21,30.68,30.54,30.21,241959.77,0.15,0.49,30.75,30.572,30.756,363144.01,435685.94,562878.38
2018-03-14,30.57,30.6,30.4,30.21,263176.0,-0.33,-1.07,30.824,30.56,30.793,395753.5,451766.93,604271.87
2018-03-13,30.9,31.38,30.78,30.63,373746.88,-0.06,-0.2,30.896,30.549,30.892,511585.18,478707.03,666257.2
2018-03-12,31.44,31.49,30.85,30.8,581736.94,-0.3,-0.96,30.76,30.556,31.085,560603.12,512866.16,718415.53
2018-03-09,31.2,31.5,31.18,30.98,355100.44,0.26,0.84,30.622,30.621,31.288,511495.97,526554.28,726492.98
2018-03-08,30.85,31.06,30.91,30.41,405007.22,0.14,0.46,30.394,30.682,31.455,508227.88,542544.99,733474.56
2018-03-07,30.5,31.08,30.76,30.35,842334.44,0.72,2.4,30.296,30.742,31.633,507780.36,569812.37,747866.68
2018-03-06,30.39,30.47,30.1,29.49,618836.56,-0.05,-0.17,30.202,30.804,31.793,445828.88,519073.22,738989.67
2018-03-05,30.1,30.58,30.16,29.92,336201.19,0.13,0.43,30.352,30.882,31.917,465129.21,537116.34,726333.5
2018-03-02,30.12,30.46,30.04,30.02,338759.97,-0.36,-1.18,30.62,30.871,32.058,541612.59,591192.84,743769.48
2018-03-01,30.03,30.86,30.42,30.01,402769.62,0.12,0.4,30.97,30.94,32.23,576862.1,690070.82,762165.18
2018-02-28,30.38,30.75,30.29,30.01,532577.06,-0.58,-1.88,31.188,31.026,32.379,631844.39,756776.82,781478.72
2018-02-27,31.57,31.65,30.85,30.65,715338.19,-0.66,-2.1,31.406,31.235,32.557,592317.57,853807.38,813674.04
2018-02-26,31.89,32.35,31.5,31.23,718618.12,-0.28,-0.88,31.412,31.614,32.718,609103.48,923964.9,821356.88
2018-02-23,31.5,32.1,31.79,31.22,515007.53,0.29,0.92,31.122,31.954,32.803,640773.09,926431.68,832712.45
2018-02-22,31.88,32.2,31.51,31.18,677681.06,0.14,0.45,30.91,32.228,32.839,803279.54,924404.13,849028.52
2018-02-14,30.95,31.47,31.38,30.42,334942.94,0.47,1.52,30.864,32.524,32.878,881709.25,925920.99,855696.45
2018-02-13,30.38,31.27,30.88,30.35,799267.75,0.83,2.76,31.064,32.781,32.893,1115297.19,958906.11,890276.62
2018-02-12,30.4,30.64,30.05,29.4,876966.19,-0.66,-2.15,31.816,32.951,32.944,1238826.31,915550.65,882954.18
2018-02-09,30.33,30.81,30.73,28.6,1327539.75,-0.55,-1.76,32.786,33.244,33.038,1212090.26,896346.12,872763.17
2018-02-08,31.95,32.38,31.28,30.83,1069829.62,-1.11,-3.43,33.546,33.519,33.076,1045528.72,834259.54,830753.34
2018-02-07,34.58,34.93,32.38,32.1,1502882.62,-2.24,-6.47,34.184,33.731,33.058,970132.72,806180.61,804299.11
2018-02-06,34.1,34.69,34.64,33.49,1416913.38,-0.25,-0.72,34.498,33.878,32.966,802515.04,773540.71,769119.12
2018-02-05,33.83,35.11,34.9,33.8,743285.94,0.4,1.16,34.086,33.822,32.722,592274.99,718748.86,718207.35
2018-02-02,34.04,34.58,34.53,33.69,494732.06,0.08,0.23,33.702,33.652,32.451,580601.99,738993.22,713971.99
2018-02-01,34.05,34.92,34.47,33.85,692849.62,0.53,1.56,33.492,33.449,32.23,622990.36,773652.9,713230.8
2018-01-31,32.34,33.99,33.95,32.22,664794.19,1.38,4.24,33.278,33.232,31.99,642228.5,785471.91,704431.62
2018-01-30,32.9,33.16,32.58,32.41,365713.12,-0.4,-1.21,33.258,33.005,31.792,744566.39,821647.13,707117.08
2018-01-29,33.5,34.08,32.98,32.81,684920.94,-0.49,-1.46,33.558,32.937,31.644,845222.72,850357.71,722627.07
2018-01-26,33.19,34.3,33.48,33.19,706673.94,0.07,0.21,33.602,32.831,31.446,897384.45,849180.22,704833.17
2018-01-25,34.01,34.02,33.4,32.9,789040.31,-0.45,-1.33,33.406,32.633,31.204,924315.44,827247.14,690559.59
2018-01-24,34.25,35.35,33.85,33.45,1176483.62,-0.2,-0.59,33.186,32.385,30.973,928715.31,802417.6,682804.18
2018-01-23,33.2,34.17,34.08,33.2,868994.81,1.0,3.02,32.752,32.054,30.767,898727.86,764697.52,654679.99
2018-01-22,32.18,33.64,33.2,32.15,945729.56,0.74,2.28,32.316,31.621,30.529,855492.7,717665.84,641284.03
2018-01-19,32.66,33.35,32.5,32.21,841328.88,0.18,0.56,32.06,31.249,30.333,800975.99,688950.77,616154.48
2018-01-18,32.1,32.75,32.3,32.1,811039.69,0.61,1.93,31.86,31.011,30.19,730178.85,652808.7,602457.05
2018-01-17,32.1,33.11,31.68,31.5,1026546.38,-0.21,-0.66,31.584,30.748,30.05,676119.88,623391.33,589625.06
2018-01-16,31.8,32.28,31.9,31.54,652819.0,-0.04,-0.12,31.356,30.578,29.935,630667.18,592587.03,576859.34
2018-01-15,31.48,32.4,31.92,31.3,673146.0,0.41,1.3,30.926,30.351,29.756,579838.98,594896.43,562913.14
2018-01-12,31.12,31.58,31.5,31.02,487343.16,0.58,1.88,30.438,30.061,29.562,576925.55,560486.12,553659.1
2018-01-11,30.52,31.15,30.92,30.4,540744.88,0.39,1.28,30.162,29.775,29.419,575438.56,553872.03,555761.53
2018-01-10,29.66,30.77,30.54,29.58,799282.88,0.77,2.59,29.912,29.561,29.301,570662.77,563190.76,555532.23
2018-01-09,29.52,29.91,29.75,29.35,398677.97,0.28,0.95,29.8,29.479,29.191,554506.87,544662.45,543122.94
2018-01-08,29.92,30.05,29.48,29.31,658578.88,-0.62,-2.06,29.776,29.437,29.15,609953.89,564902.23,563060.55
2018-01-05,29.87,30.25,30.12,29.46,479908.19,0.47,1.58,29.684,29.416,29.104,544046.69,543358.19,556205.51
2018-01-04,30.28,30.36,29.67,29.4,516865.94,-0.3,-1.0,29.388,29.369,29.012,532305.51,552105.39,564817.72
2018-01-03,29.74,30.48,29.98,29.64,718503.38,0.36,1.22,29.21,29.352,28.975,555718.74,555858.79,566607.2
2018-01-02,29.02,30.06,29.63,29.02,675913.06,0.61,2.1,29.158,29.291,28.951,534818.03,561131.65,574908.49
2017-12-29,28.63,29.04,29.02,28.61,329042.88,0.39,1.36,29.098,29.161,28.907,519850.57,530929.84,561916.61
2017-12-28,28.75,28.92,28.64,28.45,421202.28,-0.12,-0.42,29.148,29.063,28.884,542669.69,546832.08,579253.25
2017-12-27,29.5,29.78,28.78,28.58,633932.12,-0.93,-3.13,29.35,29.062,28.902,571905.28,557651.04,583285.03
2017-12-26,29.22,29.8,29.72,29.21,613999.81,0.43,1.47,29.494,29.04,28.942,555998.83,547873.7,580598.25
2017-12-25,29.19,29.97,29.33,29.12,601075.75,0.04,0.14,29.424,28.903,28.915,587445.27,541583.44,580711.81
2017-12-22,29.51,29.64,29.27,29.16,443138.47,-0.37,-1.25,29.224,28.863,28.944,542009.11,561218.87,599928.57
2017-12-21,29.37,30.0,29.65,29.2,567380.25,0.18,0.61,28.978,28.791,28.984,550994.46,569052.83,618403.54
2017-12-20,29.41,29.75,29.5,29.08,554399.88,0.14,0.48,28.774,28.654,29.003,543396.79,577530.05,634574.3
2017-12-19,28.47,29.5,29.37,28.34,771232.0,1.04,3.67,28.586,28.598,29.074,539748.58,577355.61,655643.83
2017-12-18,28.1,28.51,28.33,28.05,373894.97,0.27,0.96,28.382,28.61,29.126,495721.6,588685.33,673074.55
2017-12-15,28.57,28.6,28.04,28.0,488065.22,-0.59,-2.06,28.502,28.652,29.237,580428.63,592903.38,719859.31
2017-12-14,28.53,29.0,28.63,28.45,529391.88,0.03,0.1,28.604,28.705,29.303,587111.19,611674.42,773054.8
2017-12-13,28.35,28.78,28.56,27.95,536158.81,0.21,0.74,28.534,28.742,29.278,611663.32,608919.03,780559.64
2017-12-12,28.7,29.07,28.35,28.33,551097.12,-0.58,-2.0,28.61,28.844,29.245,614962.64,613322.8,788269.91
2017-12-11,28.44,29.0,28.93,27.96,797430.12,0.41,1.44,28.838,28.927,29.228,681649.06,619840.18,802940.0
2017-12-08,28.12,28.58,28.55,27.91,521478.03,0.3,1.06,28.802,29.024,29.164,605378.13,638638.27,831450.37
2017-12-07,28.7,29.07,28.28,27.85,652152.5,-0.65,-2.25,28.806,29.176,29.09,636237.64,667754.25,840381.88
2017-12-06,29.35,29.35,28.94,28.51,552655.44,-0.55,-1.86,28.95,29.351,29.03,606174.75,691618.55,825351.23
2017-12-05,28.72,29.59,29.49,28.72,884529.19,0.77,2.68,29.078,29.55,28.937,611682.95,733932.06,833742.5
2017-12-04,28.43,29.07,28.75,28.42,416075.47,0.14,0.49,29.016,29.641,28.814,558031.3,757463.78,826046.77
2017-12-01,28.99,29.11,28.57,28.35,675775.62,-0.42,-1.45,29.246,29.821,28.707,671898.41,846815.24,840222.56
2017-11-30,29.32,29.46,29.0,28.74,501838.03,-0.56,-1.89,29.546,29.9,28.632,699270.86,934435.19,840477.23
2017-11-29,29.31,29.69,29.58,28.81,580196.44,0.39,1.34,29.752,29.813,28.532,777062.35,952200.25,833505.06
2017-11-28,29.46,29.73,29.18,28.9,616270.94,-0.7,-2.34,30.022,29.646,28.398,856181.16,963217.02,839252.1
2017-11-27,29.86,29.95,29.9,28.88,985411.0,-0.19,-0.63,30.266,29.528,28.294,956896.25,986039.83,839647.22
2017-11-24,30.25,30.79,30.07,29.63,812637.88,0.07,0.23,30.396,29.303,28.189,1021732.08,1024262.47,842375.7
2017-11-23,30.8,31.13,30.03,29.5,890795.5,-0.87,-2.82,30.254,29.004,28.09,1169599.52,1013009.52,863172.96
2017-11-22,30.54,31.66,30.93,30.54,975790.5,0.57,1.88,29.874,28.708,27.916,1127338.15,959083.91,853058.3
2017-11-21,30.3,31.3,30.4,30.08,1119846.38,-0.13,-0.43,29.27,28.324,27.71,1070252.87,933552.94,821234.76
2017-11-20,29.38,30.7,30.55,29.09,1309590.12,1.17,3.98,28.79,27.987,27.521,1015183.41,894629.76,783781.41
2017-11-17,28.3,29.5,29.36,28.3,1551975.12,1.26,4.48,28.21,27.593,27.318,1026792.86,833629.88,735667.57
2017-11-16,27.77,28.13,28.13,27.49,679488.62,0.25,0.9,27.754,27.363,27.189,856419.51,746519.27,672133.95
2017-11-15,27.79,28.3,27.91,27.61,690364.12,-0.11,-0.39,27.542,27.251,27.137,790829.66,714809.86,658564.32
2017-11-14,27.75,28.28,28.0,27.68,844499.06,0.33,1.19,27.378,27.15,27.097,796853.02,715287.18,643210.0
2017-11-13,27.11,28.35,27.65,27.11,1367637.38,0.58,2.14,27.184,27.06,27.049,774076.12,693254.6,630132.02
2017-11-10,26.91,27.22,27.08,26.59,700108.38,0.01,0.04,26.976,27.074,27.01,640466.89,660488.94,597101.73
2017-11-09,26.99,27.47,27.07,26.84,351539.38,-0.02,-0.07,26.972,27.176,26.966,636619.03,713336.4,578463.47
2017-11-08,27.0,27.43,27.09,26.8,720480.88,0.06,0.22,26.96,27.124,26.931,638790.06,747032.7,584807.61
2017-11-07,26.6,27.26,27.03,26.53,730614.56,0.42,1.58,26.922,27.095,26.878,633721.34,708916.58,572983.55
2017-11-06,26.9,26.94,26.61,26.27,699591.25,-0.45,-1.66,26.936,27.054,26.833,612433.09,672933.05,589078.16
2017-11-03,26.98,27.16,27.06,26.61,680869.06,0.05,0.18,27.172,27.043,26.806,680510.99,637705.27,604246.86
2017-11-02,26.8,27.02,27.01,26.7,362394.53,0.11,0.41,27.38,27.014,26.731,790053.78,597748.62,593785.5
2017-11-01,27.11,27.18,26.9,26.65,695137.31,-0.2,-0.74,27.288,27.023,26.64,855275.34,602318.78,593027.38
2017-10-31,27.5,27.6,27.1,26.91,624173.31,-0.69,-2.48,27.268,27.044,26.565,784111.81,571132.83,575160.1
2017-10-30,27.85,28.06,27.79,27.51,1039980.75,-0.31,-1.1,27.172,27.037,26.496,733433.01,567009.44,555185.47
2017-10-27,26.68,28.14,28.1,26.68,1228583.0,1.55,5.84,26.914,26.945,26.397,594899.54,533714.52,519189.68
2017-10-26,26.66,27.2,26.55,26.42,688502.31,-0.25,-0.93,26.648,26.755,26.289,405443.47,443590.54,471776.03
2017-10-25,26.57,26.89,26.8,26.4,339319.69,0.18,0.68,26.758,26.737,26.265,349362.23,422582.52,457814.54
2017-10-24,26.52,26.83,26.62,26.41,370779.31,0.12,0.45,26.82,26.661,26.219,358153.85,437050.53,466741.53
2017-10-23,26.77,26.89,26.5,26.47,347313.41,-0.27,-1.01,26.902,26.611,26.197,400585.87,505223.26,471839.62
2017-10-20,26.96,27.07,26.77,26.7,281302.62,-0.33,-1.22,26.976,26.569,26.16,472529.49,570788.46,480027.81
2017-10-19,27.16,27.3,27.1,26.92,408096.12,-0.01,-0.04,26.862,26.447,26.12,481737.62,589822.38,482355.82
2017-10-18,27.06,27.29,27.11,26.91,383277.78,0.08,0.3,26.716,26.257,26.058,495802.81,583735.98,485562.74
2017-10-17,26.7,27.33,27.03,26.68,582939.44,0.16,0.59,26.502,26.086,26.011,515947.21,579187.36,482832.28
2017-10-16,26.29,26.95,26.87,26.2,707031.5,0.67,2.56,26.32,25.954,25.981,609860.64,543361.5,474995.42
2017-10-13,26.37,26.55,26.2,26.16,327343.25,-0.17,-0.65,26.162,25.848,25.947,669047.42,504664.84,463023.48
2017-10-12,26.14,26.55,26.37,26.04,478422.06,0.33,1.27,26.032,25.823,25.956,697907.14,499961.51,461204.93
2017-10-11,26.05,26.25,26.04,25.91,483999.78,-0.08,-0.31,25.798,25.792,25.955,671669.16,493046.56,460621.65
2017-10-10,26.05,26.55,26.12,25.42,1052506.62,0.04,0.15,25.67,25.777,25.997,642427.52,496432.52,452896.0
2017-10-09,26.8,26.99,26.08,25.89,1002965.38,0.53,2.07,25.588,25.782,26.058,476862.35,438455.98,420557.31
2017-09-29,25.2,25.78,25.55,25.13,471641.84,0.35,1.39,25.534,25.75,26.102,340282.27,389267.17,388224.89
2017-09-28,25.48,25.49,25.2,25.12,347232.19,-0.2,-0.79,25.614,25.792,26.162,302015.88,374889.25,388630.12
2017-09-27,25.67,25.75,25.4,25.32,337791.56,-0.31,-1.21,25.786,25.858,26.24,314423.95,387389.49,400809.03
2017-09-26,25.71,25.9,25.71,25.64,224680.77,-0.1,-0.39,25.884,25.935,26.328,350437.53,386477.2,407522.24
2017-09-25,25.86,26.12,25.81,25.7,320064.97,-0.14,-0.54,25.976,26.008,26.399,400049.61,406629.35,412723.32
2017-09-22,25.9,26.28,25.95,25.83,280309.91,-0.11,-0.42,25.966,26.045,26.471,438252.08,421382.13,424093.13
2017-09-21,25.95,26.29,26.06,25.85,409272.53,0.17,0.66,25.97,26.088,26.55,447762.63,422448.35,443123.64
2017-09-20,26.11,26.32,25.89,25.82,517859.47,-0.28,-1.07,25.93,26.117,26.581,460355.03,428196.75,445740.79
2017-09-19,25.79,26.25,26.17,25.69,472741.19,0.41,1.59,25.986,26.216,26.613,422516.86,409359.47,450216.22
2017-09-18,25.97,26.1,25.76,25.69,511077.28,-0.21,-0.81,26.04,26.333,26.599,413209.08,402658.64,451723.12
2017-09-15,25.75,26.08,25.97,25.59,327862.66,0.11,0.42,26.124,26.453,26.576,404512.18,387182.61,441931.94
2017-09-14,26.18,26.25,25.86,25.65,472234.53,-0.31,-1.19,26.206,26.532,26.548,397134.07,402370.99,445406.02
2017-09-13,26.44,26.48,26.17,26.05,328668.66,-0.27,-1.02,26.304,26.621,26.508,396038.48,414228.57,437867.32
2017-09-12,26.28,26.49,26.44,25.96,426202.25,0.26,0.99,26.446,26.72,26.458,396202.08,428567.28,436325.31
2017-09-11,26.6,26.89,26.18,26.12,467592.78,-0.2,-0.76,26.626,26.79,26.413,392108.21,418817.29,441860.2
2017-09-08,26.36,26.6,26.38,26.29,290972.12,0.03,0.11,26.782,26.896,26.344,369853.04,426804.13,445277.95
2017-09-07,26.9,26.9,26.35,26.31,466756.59,-0.53,-1.97,26.858,27.011,26.249,407607.91,463798.93,456815.96
2017-09-06,27.28,27.28,26.88,26.78,329486.66,-0.46,-1.68,26.938,27.045,26.189,432418.67,463284.82,456710.7
2017-09-05,26.9,27.37,27.34,26.74,405732.91,0.38,1.41,26.994,27.009,26.122,460932.47,491072.96,454860.66
2017-09-04,26.54,26.99,26.96,26.42,356316.94,0.2,0.75,26.954,26.864,26.047,445526.37,500787.61,445597.19
2017-09-01,26.74,27.18,26.76,26.53,479746.44,0.01,0.04,27.01,26.698,25.998,483755.22,496681.27,443238.13
2017-08-31,27.16,27.28,26.75,26.41,590810.38,-0.41,-1.51,27.164,26.564,25.936,519989.96,488441.05,443714.36
2017-08-30,27.39,27.96,27.16,26.97,472055.69,0.02,0.07,27.152,26.395,25.893,494150.98,461506.06,439688.15
2017-08-29,27.26,27.46,27.14,27.06,328702.41,-0.1,-0.37,27.024,26.196,25.866,521213.44,444083.34,446399.54
2017-08-28,27.58,27.9,27.24,27.01,547461.19,-0.29,-1.05,26.774,26.035,25.816,556048.84,464903.11,453867.7
2017-08-25,26.8,27.58,27.53,26.8,660920.12,0.84,3.15,26.386,25.791,25.733,509607.32,463751.77,443592.63
2017-08-24,26.5,26.84,26.69,26.21,461615.5,0.17,0.64,25.964,25.487,25.645,456892.15,449832.99,424564.72
2017-08-23,25.98,26.83,26.52,25.83,607368.0,0.63,2.43,25.638,25.332,25.606,428861.14,450136.58,423210.56
2017-08-22,25.42,25.93,25.89,25.18,502879.38,0.59,2.33,25.368,25.234,25.553,366953.23,418648.37,416009.32
2017-08-21,25.42,25.52,25.3,25.05,315253.62,-0.12,-0.47,25.296,25.23,25.535,373757.38,390406.77,428062.6
2017-08-18,24.91,25.59,25.42,24.8,397344.25,0.36,1.44,25.196,25.298,25.555,417896.21,389795.0,443596.02
2017-08-17,25.19,25.3,25.06,24.85,321460.44,-0.11,-0.44,25.01,25.308,25.521,442773.83,398987.67,440111.18
2017-08-16,25.41,25.47,25.17,25.02,297828.47,-0.36,-1.41,25.026,25.391,25.528,471412.01,417870.23,449755.03
2017-08-15,24.8,25.86,25.53,24.78,536900.12,0.73,2.94,25.1,25.536,25.531,470343.5,448715.74,466402.15
2017-08-14,24.6,24.88,24.8,24.25,535947.75,0.31,1.27,25.164,25.597,25.48,407056.17,442832.3,471824.48
2017-08-11,24.97,25.26,24.49,24.44,521732.38,-0.65,-2.59,25.4,25.674,25.496,361693.78,423433.49,480491.46
2017-08-10,25.47,25.74,25.14,24.98,464651.34,-0.4,-1.57,25.606,25.803,25.53,355201.5,399296.45,479807.86
2017-08-09,25.78,26.08,25.54,25.51,292485.91,-0.31,-1.2,25.756,25.879,25.518,364328.45,396284.55,484545.5
2017-08-08,25.9,26.06,25.85,25.66,220463.45,-0.13,-0.5,25.972,25.871,25.458,427087.98,413370.27,512821.4
2017-08-07,25.4,26.1,25.98,25.4,309135.84,0.46,1.8,26.03,25.839,25.37,478608.43,465718.43,538317.38
2017-08-04,25.87,26.1,25.52,25.32,489270.97,-0.37,-1.43,25.948,25.812,25.234,485173.19,497397.04,541462.31
2017-08-03,26.52,26.66,25.89,25.84,510286.09,-0.73,-2.74,26.0,25.734,25.121,443391.39,481234.69,548607.76
2017-08-02,26.12,27.08,26.62,26.02,606283.56,0.48,1.84,26.002,25.665,25.024,428240.64,481639.83,554310.1
2017-08-01,25.58,26.15,26.14,25.35,478065.69,0.57,2.23,25.77,25.525,24.888,399652.55,484088.57,563195.77
2017-07-31,25.64,25.95,25.57,25.38,341959.66,-0.21,-0.81,25.648,25.363,24.731,452828.42,500816.65,567974.33
2017-07-28,25.77,26.0,25.78,25.5,280361.97,-0.12,-0.46,25.676,25.317,24.629,509620.89,537549.44,571688.28
2017-07-27,25.48,26.17,25.9,25.4,434532.31,0.44,1.73,25.468,25.257,24.535,519077.99,560319.27,578019.59
2017-07-26,25.52,26.04,25.46,25.16,463343.12,-0.07,-0.27,25.328,25.157,24.448,535039.02,572806.46,586003.65
2017-07-25,25.8,26.24,25.53,25.4,743945.06,-0.18,-0.7,25.28,25.045,24.365,568524.58,612272.54,599692.98
2017-07-24,24.77,25.76,25.71,24.67,625922.0,0.97,3.92,25.078,24.9,24.306,548804.88,610916.34,616288.05
2017-07-21,25.08,25.36,24.74,24.64,327647.47,-0.46,-1.82,24.958,24.655,24.173,565477.98,585527.58,629489.84
2017-07-20,25.1,25.25,25.2,24.8,514337.44,-0.02,-0.08,25.046,24.507,24.087,601560.54,615980.82,660167.9
2017-07-19,24.44,25.37,25.22,24.4,630770.94,0.7,2.85,24.986,24.383,23.964,610573.89,626980.37,710645.43
2017-07-18,24.9,25.06,24.52,24.04,645346.56,-0.59,-2.35,24.81,24.251,23.768,656020.49,642302.97,704500.05
2017-07-17,25.1,25.65,25.11,24.74,709287.5,-0.07,-0.28,24.722,24.099,23.596,673027.79,635132.0,698841.13
2017-07-14,24.99,25.41,25.18,24.74,508060.28,0.28,1.12,24.352,23.94,23.399,605577.17,605827.12,690708.42
2017-07-13,24.34,25.05,24.9,24.21,559404.19,0.56,2.3,23.968,23.813,23.18,630401.09,595719.91,691900.94
2017-07-12,24.1,25.07,24.34,23.95,858003.94,0.26,1.08,23.78,23.738,22.982,643386.85,599200.85,697699.37
2017-07-11,23.23,24.38,24.08,23.16,730383.06,0.82,3.52,23.692,23.684,22.83,628585.45,587113.42,680699.96
2017-07-10,23.32,23.58,23.26,23.05,372034.38,0.0,0.0,23.476,23.712,22.75,597236.2,621659.76,671311.21
2017-07-07,23.8,23.9,23.26,23.05,632179.88,-0.7,-2.92,23.528,23.69,22.729,606077.07,673452.1,680492.21
2017-07-06,23.71,24.14,23.96,23.4,624333.0,0.06,0.25,23.658,23.667,22.712,561038.73,704354.99,690759.87
2017-07-05,22.98,24.05,23.9,22.85,783996.94,0.9,3.91,23.696,23.544,22.651,555014.84,794310.49,696976.12
2017-07-04,23.51,23.6,23.0,22.82,573636.81,-0.52,-2.21,23.676,23.285,22.582,545641.39,766697.12,706024.42
2017-07-03,23.8,23.8,23.52,23.33,416238.72,-0.39,-1.63,23.948,23.093,22.528,646083.31,762550.26,704784.81
2017-06-30,24.0,24.18,23.91,23.7,406988.19,-0.24,-0.99,23.852,22.857,22.451,740827.13,775589.72,716486.15
2017-06-29,24.0,24.34,24.15,23.67,594213.56,0.35,1.47,23.676,22.547,22.364,847671.25,788081.97,721646.46
2017-06-28,24.11,24.48,23.8,23.8,737129.69,-0.56,-2.3,23.392,22.225,22.286,1033606.14,796197.9,730981.9
2017-06-27,22.94,24.58,24.36,22.73,1075846.38,1.32,5.73,22.894,21.975,22.217,987752.84,774286.49,731113.18
2017-06-26,23.08,23.91,23.04,22.99,889957.81,0.01,0.04,22.238,21.788,22.131,879017.21,720962.67,716573.57
2017-06-23,22.61,23.08,23.03,22.28,941208.81,0.3,1.32,21.862,21.768,22.126,810352.31,687532.32,725409.58
2017-06-22,21.25,23.23,22.73,21.2,1523888.0,1.42,6.66,21.418,21.756,22.07,728492.69,677164.74,715424.48
2017-06-21,21.29,21.35,21.31,20.84,507863.22,0.23,1.09,21.058,21.757,22.025,558789.66,599641.74,686747.3
2017-06-20,21.3,21.54,21.08,20.92,532168.19,-0.08,-0.38,21.056,21.878,22.004,560820.14,645351.72,690298.4
2017-06-19,20.92,21.3,21.16,20.83,546633.31,0.35,1.68,21.338,21.963,21.977,562908.14,647019.36,683279.72
2017-06-16,20.91,21.09,20.81,20.74,531910.75,-0.12,-0.57,21.674,22.045,21.931,564712.34,657382.57,674120.76
2017-06-15,21.3,21.64,20.93,20.9,675372.81,-0.37,-1.74,22.094,22.18,21.9,625836.79,655210.95,677371.98
2017-06-14,21.75,21.86,21.3,21.22,518015.62,-0.45,-2.07,22.456,22.346,21.878,640493.82,665765.91,675969.23
2017-06-13,22.9,22.98,22.49,22.3,542608.19,-0.35,-1.53,22.7,22.458,21.847,729883.31,687939.87,691847.98
2017-06-12,22.84,23.26,22.84,22.66,555654.31,-0.07,-0.31,22.588,22.473,21.739,731130.57,712184.47,725913.78
2017-06-09,22.75,23.3,22.91,22.62,837533.0,0.17,0.75,22.416,22.484,21.56,750052.81,763286.85,721727.72
2017-06-08,22.35,22.78,22.74,21.98,748658.0,0.22,0.98,22.266,22.384,21.366,684585.12,753684.22,700884.24
2017-06-07,22.02,22.58,22.52,21.95,964963.06,0.59,2.69,22.236,22.293,21.168,691037.99,773852.85,670904.14
2017-06-06,22.0,22.13,21.93,21.66,548844.5,-0.05,-0.23,22.216,22.13,20.982,645996.42,735245.07,644155.23
2017-06-05,21.93,22.17,21.98,21.6,650265.5,-0.18,-0.81,22.358,21.99,20.825,693238.36,719540.08,633872.23
2017-06-02,22.7,22.75,22.16,22.07,510194.53,-0.43,-1.9,22.552,21.817,20.664,776520.88,690858.95,621195.65
2017-06-01,22.33,22.65,22.59,22.23,780922.38,0.17,0.76,22.502,21.62,20.502,822783.33,699533.0,604714.87
2017-05-31,22.45,22.96,22.42,22.18,739755.19,-0.22,-0.97,22.35,21.41,20.323,856667.71,686172.56,579562.21
2017-05-26,22.99,23.06,22.64,22.44,785054.19,-0.31,-1.35,22.044,21.235,20.159,824493.72,695756.09,567304.29
2017-05-25,21.81,23.01,22.95,21.8,1066678.12,1.04,4.75,21.622,21.005,19.976,745841.8,739643.09,545330.33
2017-05-24,21.82,22.26,21.91,21.54,741506.75,0.08,0.37,21.082,20.636,19.784,605197.02,680168.6,513205.99
2017-05-23,20.88,22.0,21.83,20.88,950344.31,0.94,4.5,20.738,20.347,19.636,576282.67,648084.25,496570.15
2017-05-22,20.46,21.15,20.89,20.46,578885.25,0.36,1.75,20.47,20.043,19.49,515677.4,567955.42,467624.59
2017-05-19,20.17,20.59,20.53,20.11,391794.59,0.28,1.38,20.426,19.833,19.386,567018.46,553065.39,463551.85
2017-05-18,20.01,20.32,20.25,20.01,363454.22,0.06,0.3,20.388,19.66,19.279,733444.37,548204.37,458146.0
2017-05-17,20.36,20.53,20.19,20.06,596935.0,-0.3,-1.46,20.19,19.51,19.189,755140.17,551532.34,455437.33
2017-05-16,20.55,20.74,20.49,20.34,647317.94,-0.18,-0.87,19.956,19.384,19.11,719885.83,509896.75,441383.47
2017-05-15,20.45,21.1,20.67,20.42,835590.56,0.33,1.62,19.616,19.236,19.029,620233.45,472951.86,429396.73
2017-05-12,19.25,20.38,20.34,19.19,1223924.12,1.08,5.61,19.24,19.082,18.937,539112.31,438852.5,402688.55
2017-05-11,19.09,19.45,19.26,19.0,471933.22,0.24,1.26,18.932,18.946,18.866,362964.37,351017.56,354844.79
2017-05-10,18.85,19.18,19.02,18.81,420663.31,0.23,1.22,18.83,18.931,18.855,347924.51,346243.39,347319.9
2017-05-09,18.8,18.85,18.79,18.74,149056.02,0.0,0.0,18.812,18.925,18.855,299907.66,345056.06,345990.52
2017-05-08,18.67,18.86,18.79,18.65,429984.88,-0.01,-0.05,18.856,18.937,18.861,325670.27,367293.75,354694.48
2017-05-05,18.79,18.84,18.8,18.54,343184.44,0.05,0.27,18.924,18.938,18.866,338592.68,374038.31,355212.26
2017-05-04,18.95,18.97,18.75,18.66,396733.91,-0.18,-0.95,18.96,18.897,18.878,339070.75,368087.63,355101.4
2017-05-03,18.99,19.03,18.93,18.85,180579.05,-0.08,-0.42,19.032,18.868,18.894,344562.26,359342.32,359566.0
2017-05-02,19.14,19.21,19.01,18.94,277869.06,-0.12,-0.63,19.038,18.835,18.906,390204.45,372870.2,367518.22
2017-04-28,19.1,19.24,19.13,19.01,494596.94,0.15,0.79,19.018,18.822,18.907,408917.24,385841.6,366488.2
2017-04-27,19.01,19.08,18.98,18.83,345574.81,-0.13,-0.68,18.952,18.791,18.905,409483.94,366524.6,364225.71
2017-04-26,18.97,19.18,19.11,18.91,424191.44,0.15,0.79,18.834,18.785,18.904,397104.51,358672.02,367960.64
2017-04-25,18.95,19.06,18.96,18.78,408790.0,0.05,0.26,18.704,18.779,18.904,374122.37,348396.41,386760.67
2017-04-24,18.89,19.01,18.91,18.8,371433.0,0.11,0.58,18.632,18.785,18.895,355535.95,346924.98,382711.99
2017-04-21,18.5,18.93,18.8,18.39,497430.44,0.41,2.23,18.626,18.785,18.881,362765.96,342095.21,384611.91
2017-04-20,18.59,18.6,18.39,18.38,283677.69,-0.07,-0.38,18.63,18.794,18.867,323565.27,336386.2,383194.38
2017-04-19,18.58,18.75,18.46,18.4,309280.72,-0.14,-0.75,18.736,18.859,18.886,320239.53,342115.17,389102.9
2017-04-18,18.8,18.85,18.6,18.6,315857.91,-0.28,-1.48,18.854,18.92,18.901,322670.46,359789.69,390370.37
2017-04-17,18.77,18.9,18.88,18.6,407583.03,0.06,0.32,18.938,18.977,18.911,338314.01,362166.25,392345.15
2017-04-14,18.91,18.94,18.82,18.65,301427.0,-0.1,-0.53,18.944,18.991,18.92,321424.47,347134.8,387558.73
2017-04-13,19.04,19.05,18.92,18.85,267048.97,-0.13,-0.68,18.958,19.018,18.93,349207.14,361926.82,383401.59
2017-04-12,19.02,19.12,19.05,18.9,321435.38,0.03,0.16,18.982,19.023,18.939,363990.82,377249.27,379128.78
2017-04-11,18.91,19.05,19.02,18.88,394075.69,0.11,0.58,18.986,19.028,18.938,396908.93,425124.92,371585.06
2017-04-10,18.93,18.97,18.91,18.7,323135.31,0.02,0.11,19.016,19.004,18.932,386018.48,418499.0,362333.91
2017-04-07,19.05,19.08,18.89,18.82,440340.34,-0.15,-0.79,19.038,18.977,18.939,372845.13,427128.61,357774.8
2017-04-06,19.05,19.11,19.04,18.93,340967.38,-0.03,-0.16,19.078,18.94,18.959,374646.5,430002.55,345501.07
2017-04-05,19.22,19.29,19.07,19.01,486025.91,-0.1,-0.52,19.064,18.912,18.969,390507.71,436090.62,341076.62
2017-03-31,19.02,19.25,19.17,19.02,339623.47,0.15,0.79,19.07,18.881,18.969,453340.92,420951.04,328679.38
2017-03-30,19.09,19.15,19.02,18.96,257268.55,-0.07,-0.37,18.992,18.845,18.961,450979.52,422524.05,320184.28
2017-03-29,18.99,19.16,19.09,18.98,449347.19,0.12,0.63,18.916,18.849,18.965,481412.09,427982.67,319396.52
2017-03-28,19.25,19.31,18.97,18.91,420273.44,-0.13,-0.68,18.802,18.841,18.977,485358.6,404876.36,308921.13
2017-03-27,18.79,19.32,19.1,18.79,800191.94,0.32,1.7,18.76,18.854,19.001,481673.53,381008.29,296205.14
2017-03-24,18.77,18.79,18.78,18.63,327816.47,0.14,0.75,18.692,18.847,19.016,388561.16,318045.2,268921.62
2017-03-23,18.52,18.81,18.64,18.48,409431.41,0.12,0.65,18.698,18.86,19.049,394068.58,306168.81,262881.93
2017-03-22,18.74,18.75,18.52,18.48,469079.75,-0.24,-1.28,18.782,18.901,19.086,374553.24,288420.99,250238.66
2017-03-21,18.75,18.83,18.76,18.65,401848.06,0.0,0.0,18.88,18.978,19.13,324394.12,260999.6,238059.8
2017-03-20,18.89,18.95,18.76,18.61,334630.12,-0.05,-0.27,18.948,19.026,19.162,280343.05,246062.62,232995.79
2017-03-17,19.17,19.21,18.81,18.78,355353.56,-0.25,-1.31,19.002,19.056,19.194,247529.24,236407.72,238581.83
2017-03-16,19.1,19.25,19.06,19.02,311854.72,0.05,0.26,19.022,19.076,19.205,218269.05,217844.51,229804.45
2017-03-15,19.1,19.13,19.01,18.96,218284.14,-0.09,-0.47,19.02,19.08,19.209,202288.75,210810.37,231823.43
2017-03-14,19.04,19.19,19.1,19.02,181592.73,0.07,0.37,19.076,19.113,19.215,197605.07,212965.89,250751.46
2017-03-13,18.89,19.05,19.03,18.81,170561.06,0.12,0.64,19.104,19.147,19.203,211782.19,211401.99,253565.69
2017-03-10,19.02,19.05,18.91,18.83,209052.58,-0.14,-0.73,19.11,19.185,19.2,225286.2,219798.04,257703.14
2017-03-09,19.25,19.25,19.05,18.92,231953.22,-0.24,-1.24,19.13,19.237,19.2,217419.98,219595.04,267071.92
2017-03-08,19.12,19.35,19.29,19.08,194865.77,0.05,0.26,19.14,19.27,19.184,219332.0,212056.32,266599.19
2017-03-07,19.1,19.29,19.24,18.97,252478.31,0.18,0.94,19.15,19.281,19.149,228326.71,215120.01,266711.06
2017-03-06,19.01,19.39,19.06,19.0,238081.14,0.05,0.26,19.19,19.298,19.116,211021.8,219928.96,265557.77
2017-03-03,19.07,19.17,19.01,18.95,169721.45,-0.09,-0.47,19.26,19.332,19.094,214309.88,240755.93,265675.88
2017-03-02,19.38,19.45,19.1,19.07,241513.34,-0.24,-1.24,19.344,19.333,19.078,221770.11,241764.39,268843.46
2017-03-01,19.45,19.51,19.34,19.28,239839.33,-0.1,-0.51,19.4,19.337,19.073,204780.64,252836.49,270427.12
2017-02-28,19.4,19.58,19.44,19.36,165953.73,0.03,0.15,19.412,19.316,19.05,201913.3,288537.03,266071.25
2017-02-27,19.38,19.57,19.41,19.26,254521.55,-0.02,-0.1,19.406,19.259,19.022,228836.12,295729.4,270545.37
2017-02-24,19.38,19.5,19.43,19.27,207022.59,0.05,0.26,19.404,19.215,18.976,267201.98,295608.24,267759.21
2017-02-23,19.41,19.44,19.38,19.27,156566.02,-0.02,-0.1,19.322,19.162,18.934,261758.68,314548.79,268277.6
2017-02-22,19.43,19.57,19.4,19.3,225502.62,-0.01,-0.05,19.274,19.097,18.891,300892.33,321142.06,267008.01
2017-02-21,19.43,19.81,19.41,19.39,300567.84,0.01,0.05,19.22,19.017,18.851,375160.75,318302.12,264672.66
2017-02-20,19.03,19.5,19.4,18.98,446350.84,0.38,2.0,19.112,18.933,18.803,362622.67,311186.58,261427.28
2017-02-17,19.19,19.23,19.02,18.98,179806.08,-0.12,-0.63,19.026,18.855,18.762,324014.49,290595.82,276662.07
2017-02-16,19.19,19.34,19.14,19.04,352234.25,0.01,0.05,19.002,18.823,18.722,367338.9,295922.52,280230.7
2017-02-15,18.97,19.23,19.13,18.9,596844.75,0.26,1.38,18.92,18.809,18.665,341391.78,288017.76,269666.92
2017-02-14,19.0,19.03,18.87,18.81,237877.41,-0.1,-0.53,18.814,18.784,18.606,261443.49,243605.46,246539.16
2017-02-13,18.9,19.09,18.97,18.89,253309.95,0.07,0.37,18.754,18.784,18.56,259750.5,245361.35,239979.41
2017-02-10,18.86,18.97,18.9,18.73,396428.12,0.17,0.91,18.684,18.737,18.508,257177.15,239910.18,235986.93
2017-02-09,18.59,18.93,18.73,18.59,222498.69,0.13,0.7,18.644,18.706,18.461,224506.14,222006.42,224909.45
2017-02-08,18.55,18.6,18.6,18.48,197103.27,0.03,0.16,18.698,18.685,18.43,234643.74,212873.97,226066.48
2017-02-07,18.63,18.68,18.57,18.55,229412.48,-0.05,-0.27,18.754,18.684,18.401,225767.44,211043.21,229044.19
2017-02-06,18.88,18.9,18.62,18.54,240443.19,-0.08,-0.43,18.814,18.672,18.37,230972.2,211667.97,232802.73
2017-02-03,19.08,19.08,18.7,18.66,233073.09,-0.3,-1.58,18.79,18.668,18.319,222643.2,262728.32,232143.55
2017-01-26,18.9,19.25,19.0,18.82,273186.66,0.12,0.64,18.768,18.62,18.259,219506.69,264538.88,234709.49
2017-01-25,18.81,18.95,18.88,18.68,152721.78,0.01,0.05,18.672,18.52,18.19,191104.2,251316.07,234443.75
2017-01-24,18.59,18.88,18.87,18.5,255436.3,0.37,2.0,18.614,18.428,18.131,196318.98,249472.86,231853.06
2017-01-23,18.68,18.76,18.5,18.41,198798.19,-0.09,-0.48,18.53,18.335,18.075,192363.74,234597.47,227252.79
2017-01-20,18.54,18.65,18.59,18.47,217390.52,0.07,0.38,18.546,18.279,18.03,302813.44,232063.68,226366.97
2017-01-19,18.55,18.74,18.52,18.51,131174.22,-0.07,-0.38,18.472,18.216,17.987,309571.07,227812.49,226458.97
2017-01-18,18.49,18.61,18.59,18.47,178795.66,0.14,0.76,18.368,18.174,17.951,311527.94,239259.0,235334.46
2017-01-17,18.5,18.59,18.45,18.43,235660.09,-0.13,-0.7,18.242,18.117,17.911,302626.75,247045.18,241294.76
2017-01-16,18.18,18.59,18.58,18.16,751046.69,0.36,1.98,18.14,18.068,17.889,276831.21,253937.49,241824.0
2017-01-13,18.0,18.38,18.22,17.98,251178.7,0.22,1.22,18.012,17.97,17.869,161313.93,201558.77,216380.08
2017-01-12,17.95,18.13,18.0,17.94,140958.58,0.04,0.22,17.96,17.897,17.87,146053.9,204880.09,222127.38
2017-01-11,18.03,18.07,17.96,17.93,134289.69,0.02,0.11,17.98,17.859,17.911,166990.05,217571.42,231469.79
2017-01-10,17.95,18.09,17.94,17.91,106682.37,0.0,0.0,17.992,17.834,17.957,191463.6,214233.25,237221.9
2017-01-09,18.05,18.13,17.94,17.91,173460.31,-0.02,-0.11,17.996,17.815,18.023,231043.77,219908.11,271631.87
2017-01-06,18.1,18.16,17.96,17.96,174878.55,-0.14,-0.77,17.928,17.781,18.086,241803.61,220670.25,294249.91
2017-01-05,18.05,18.21,18.1,18.03,245639.34,0.08,0.44,17.834,17.757,18.126,263706.28,225105.45,298971.35
2017-01-04,17.9,18.11,18.02,17.85,256657.45,0.06,0.33,17.738,17.728,18.152,268152.79,231409.92,292773.0
2017-01-03,17.6,17.98,17.96,17.57,304583.19,0.36,2.04,17.676,17.705,18.18,237002.9,235544.34,295804.65
2016-12-30,17.53,17.61,17.6,17.47,227259.52,0.11,0.63,17.634,17.71,18.214,208772.46,229710.51,305751.38
2016-12-29,17.6,17.62,17.49,17.43,284391.91,-0.13,-0.74,17.634,17.768,18.259,199536.88,231201.4,318584.47
2016-12-28,17.72,17.77,17.62,17.49,267871.88,-0.09,-0.51,17.68,17.843,18.31,186504.63,239374.67,331264.35
2016-12-27,17.73,17.82,17.71,17.65,100907.99,-0.04,-0.23,17.718,17.963,18.357,194667.06,245368.17,337435.67
2016-12-26,17.56,17.77,17.75,17.39,163431.0,0.15,0.85,17.734,18.08,18.408,234085.79,260210.55,356944.26
2016-12-23,17.77,17.77,17.6,17.54,181081.64,-0.12,-0.68,17.786,18.23,18.454,250648.57,323355.63,391345.95
2016-12-22,17.85,17.85,17.72,17.65,219230.62,-0.09,-0.51,17.902,18.39,18.523,262865.91,367829.58,402763.52
2016-12-21,17.83,17.98,17.81,17.77,308684.03,0.02,0.11,18.006,18.494,18.575,292244.71,372837.25,405177.09
2016-12-20,17.99,17.99,17.79,17.7,298001.66,-0.22,-1.22,18.208,18.575,18.626,296069.28,354136.07,422918.64
2016-12-19,18.15,18.18,18.01,17.93,246244.88,-0.17,-0.94,18.426,18.655,18.655,286335.3,356064.96,434264.56
2016-12-16,18.24,18.4,18.18,18.12,242168.36,-0.06,-0.33,18.674,18.718,18.672,396062.69,381792.24,442626.14
2016-12-15,18.73,18.73,18.24,18.2,366124.62,-0.58,-3.08,18.878,18.75,18.668,472793.24,405967.55,439793.45
2016-12-14,18.8,19.14,18.82,18.8,327806.88,-0.06,-0.32,18.982,18.777,18.662,453429.79,423154.04,435075.88
2016-12-13,19.09,19.2,18.88,18.81,249331.78,-0.37,-1.92,18.942,18.75,18.627,412202.86,429503.16,430446.17
2016-12-12,19.16,19.65,19.25,18.9,794881.81,0.05,0.26,18.884,18.736,18.592,425794.62,453677.98,430804.95
2016-12-09,18.76,19.34,19.2,18.75,625821.12,0.44,2.35,18.762,18.677,18.531,367521.79,459336.27,408737.9
2016-12-08,18.67,18.88,18.76,18.62,269307.34,0.14,0.75,18.622,18.656,18.473,339141.85,437697.47,391264.27
2016-12-07,18.65,18.71,18.62,18.58,121672.26,0.02,0.11,18.572,18.655,18.434,392878.3,437516.93,391357.42
2016-12-06,18.66,18.78,18.59,18.57,317290.59,-0.07,-0.38,18.558,18.676,18.398,446803.46,491701.22,402395.7
2016-12-05,18.39,18.67,18.64,18.34,503517.66,0.15,0.81,18.588,18.655,18.368,481561.33,512464.16,399648.59
2016-12-02,18.53,18.54,18.5,18.24,483921.41,0.01,0.05,18.592,18.625,18.331,551150.74,503460.04,384885.62
2016-12-01,18.55,18.64,18.51,18.41,537989.56,-0.04,-0.22,18.69,18.586,18.301,536253.08,473619.35,374158.96
2016-11-30,18.76,18.82,18.55,18.47,391298.09,-0.2,-1.07,18.738,18.547,18.273,482155.56,446997.72,360799.97
2016-11-29,18.65,18.76,18.74,18.51,491079.94,0.09,0.48,18.794,18.504,18.238,536598.97,431389.19,356711.86
2016-11-28,19.1,19.2,18.66,18.52,851464.69,-0.33,-1.74,18.722,18.448,18.2,543366.99,407931.92,341628.14
2016-11-25,18.8,19.02,18.99,18.66,409433.12,0.25,1.33,18.658,18.385,18.161,455769.34,358139.53,305501.56
2016-11-24,18.77,18.97,18.75,18.61,267501.97,-0.09,-0.48,18.482,18.289,18.117,410985.63,344831.07,300031.48
2016-11-23,18.4,18.9,18.83,18.37,663515.12,0.46,2.5,18.356,18.213,18.082,411839.88,345197.9,301838.68
2016-11-22,18.37,18.49,18.38,18.28,524920.06,0.04,0.22,18.214,18.119,18.038,326179.41,313090.18,280563.59
2016-11-21,18.08,18.68,18.34,18.08,413476.41,0.24,1.33,18.174,18.08,18.016,272496.86,286833.02,265291.31
2016-11-18,18.12,18.16,18.11,18.03,185514.58,-0.01,-0.06,18.112,18.037,17.995,260509.72,266311.21,255412.3
2016-11-17,18.11,18.14,18.12,18.01,271773.25,0.0,0.0,18.096,18.016,17.986,278676.51,274698.57,260405.0
2016-11-16,18.23,18.29,18.12,18.05,235212.73,-0.06,-0.33,18.07,17.998,17.976,278555.92,274602.21,259530.52
2016-11-15,18.1,18.24,18.18,18.03,256507.31,0.14,0.78,18.024,17.972,17.964,300000.95,282034.54,261557.0
2016-11-14,18.0,18.25,18.03,17.95,353540.72,0.01,0.06,17.986,17.952,17.945,301169.19,275324.35,262016.06
2016-11-11,17.95,18.08,18.03,17.93,276348.53,0.03,0.17,17.962,17.936,17.936,272112.71,252863.6,252863.6
2016-11-10,17.95,18.11,17.99,17.94,271170.31,0.1,0.56,17.936,17.926,17.926,270720.63,250254.16,250254.16
2016-11-09,18.0,18.08,17.89,17.77,342437.88,-0.1,-0.56,17.926,17.918,17.918,270648.51,247639.64,247639.64
2016-11-08,17.92,18.06,17.99,17.89,262348.5,0.1,0.56,17.92,17.921,17.921,264068.13,234097.04,234097.04
2016-11-07,17.91,17.93,17.91,17.85,208258.31,0.0,0.0,17.918,17.91,17.91,249479.5,229388.46,229388.46
2016-11-04,17.9,18.0,17.9,17.87,269388.16,-0.03,-0.17,17.91,17.91,17.91,233614.49,233614.49,233614.49
2016-11-03,17.83,17.97,17.94,17.79,270809.69,0.1,0.56,17.913,17.913,17.913,224671.07,224671.07,224671.07
2016-11-02,17.86,17.94,17.86,17.76,309536.0,-0.12,-0.67,17.903,17.903,17.903,209291.53,209291.53,209291.53
2016-11-01,17.87,17.99,17.98,17.79,189405.36,0.12,0.67,17.925,17.925,17.925,159169.3,159169.3,159169.3
2016-10-31,17.87,17.96,17.87,17.72,128933.23,-0.03,-0.17,17.87,17.87,17.87,128933.23,128933.23,128933.23
